@fl!pm0de@ @fl!pm0de@
pass pass
steveol steveol
chotzi chotzi
lb2512 lb2512
scotch scotch
passwerd passwerd
flipmode flipmode
flipmode flipmode
alden2 alden2
salmon salmon
tagoogle tagoogle
giants giants
chapman chapman
odom115 odom115
pass pass
pass pass
cryptic cryptic
chaos128 chaos128
daisydog daisydog
m8S3ZeN4 m8S3ZeN4
sunshine sunshine
pramati pramati
nissy nissy
deuce deuce
sandalwood sandalwood
frazzle frazzle
manuel manuel
surf5375 surf5375
murgatroyd murgatroyd
Boblin-half Boblin-half
cassie cassie
amethyst amethyst
slinker slinker
never never
jpg1224 jpg1224
pepper pepper
sungjin sungjin
7heaven 7heaven
associated1017 associated1017
Godslove Godslove
coffee coffee
mellobel mellobel
russell1 russell1
russell1 russell1
dmd1980 dmd1980
glory2be glory2be
jessie jessie
canpost canpost
allyson allyson
jon1216 jon1216
notllt notllt
neenee neenee
jmtjkbas jmtjkbas
mygirls mygirls
croton66 croton66
peony peony
poet poet
mjp47766 mjp47766
starcity starcity
laser laser
vmj1978 vmj1978
education education
calypso calypso
binxter binxter
blackhawk blackhawk
secade secade
lila lila
daniel88 daniel88
lydia1 lydia1
bozzie bozzie
trump49 trump49
now now
stunner stunner
temporal temporal
elbereth elbereth
jerkoff jerkoff
waff1e waff1e
LTyvNV2q LTyvNV2q
yusuke23 yusuke23
contentious contentious
styk1965 styk1965
greendoc greendoc
jordan jordan
dewsville dewsville
june1304 june1304
elder1 elder1
yellowjacket yellowjacket
catdog00 catdog00
booboo booboo
winner winner
amanda amanda
nookie nookie
charlie1 charlie1
marymary marymary
julius julius
chocolat chocolat
paid2write paid2write
1adadad 1adadad
bk082704 bk082704
janbrooks janbrooks
12377950187954 12377950187954
tnnuz567 tnnuz567
nh2002 nh2002
Mn1!tTLs Mn1!tTLs
pyramid pyramid
p1neapple p1neapple
ylimect ylimect
sail55 sail55
business business
password password
bwoogie bwoogie
Brandy Brandy
ramirez ramirez
nehal nehal
10061971 10061971
122886 122886
chinku101 chinku101
1dumbdog 1dumbdog
punkie punkie
robyn1 robyn1
trixie trixie
sammy00 sammy00
work4me work4me
baby1234 baby1234
joeysos joeysos
paradise paradise
bugles bugles
hamlet53 hamlet53
scottyb scottyb
slash slash
wordsmith wordsmith
soccergirl soccergirl
Tylercat Tylercat
corner corner
louises louises
sfstuff sfstuff
honeyrose honeyrose
vaishnavi vaishnavi
mltr2000 mltr2000
periodista periodista
eastcoast eastcoast
91316 91316
534sb 534sb
audiosound audiosound
markswife markswife
eastlack eastlack
letmein42 letmein42
guadalupe guadalupe
elena elena
cnw2m$w! cnw2m$w!
fwdwfwdw fwdwfwdw
80frsmel 80frsmel
strider17 strider17
bahai19 bahai19
6034907 6034907
bubbagump bubbagump
howard howard
aspiring aspiring
s1s2f3 s1s2f3
merlin merlin
lakebreeze lakebreeze
SandP2006 SandP2006
assoctilde assoctilde
fishes17 fishes17
swords swords
micah micah
nugg3t nugg3t
uhoadg16 uhoadg16
deezer deezer
conrad228 conrad228
bryan416 bryan416
denver denver
calypso calypso
buckeyes buckeyes
temporal temporal
052993 052993
gregory gregory
football9 football9
8597189 8597189
stuart stuart
salemw salemw
ntrocks ntrocks
andrea andrea
choochoo choochoo
welcome welcome
dubroff dubroff
dave42 dave42
play10 play10
lailee14 lailee14
4getful4ever 4getful4ever
norvell norvell
7wade12 7wade12
shelley shelley
myamber myamber
inging inging
newyorkmove newyorkmove
beanie beanie
netgear netgear
qazxsw qazxsw
pookie pookie
caloroso caloroso
sk2353 sk2353
272900 272900
mitchy mitchy
poohbear1 poohbear1
harlow harlow
therapy therapy
23skidoo 23skidoo
23skidoo 23skidoo
t63827 t63827
cortcort cortcort
Robin Robin
ewriter ewriter
trojan trojan
writer writer
goldpony goldpony
guapoguapo guapoguapo
g0d0t55 g0d0t55
Charoenkwan Charoenkwan
allin348 allin348
yellow yellow
caitlin caitlin
toms toms
rocketman rocketman
olf911 olf911
0600318 0600318
ub6jAnyZ ub6jAnyZ
nikl0517 nikl0517
Continental Continental
boston9043 boston9043
gdspoon gdspoon
kittykat13 kittykat13
vikram79 vikram79
mylove mylove
taker1 taker1
loveyou loveyou
BlueBoy BlueBoy
james307 james307
ny12304 ny12304
Zelda21 Zelda21
toasted toasted
content content
jellybean jellybean
khawk khawk
sant sant
ghandi ghandi
catch22 catch22
anniebush anniebush
fatkid fatkid
4er3kar2 4er3kar2
quilts1973 quilts1973
diva diva
clarification10 clarification10
4me2write 4me2write
31711 31711
rupert rupert
obunky obunky
pumpkin pumpkin
labrys labrys
matey matey
di919er di919er
tolstoy3 tolstoy3
wr727ct1 wr727ct1
welcome welcome
covenant covenant
alyriese alyriese
darwin darwin
winnie12 winnie12
s07j07k57 s07j07k57
monkey monkey
MidnightSun MidnightSun
roxanne roxanne
victory victory
mekola mekola
password password
abashaft abashaft
askpro askpro
sweet16 sweet16
010979 010979
rimbaud rimbaud
redskins redskins
freelance freelance
alexsmom alexsmom
covenant covenant
wiseivy123 wiseivy123
3QeW8yNm 3QeW8yNm
beansprout beansprout
budley budley
delight delight
for76tura1 for76tura1
cp1128 cp1128
radagast radagast
yrrehs yrrehs
kellir kellir
5gether 5gether
cmk1010 cmk1010
8kls05 8kls05
marlar23 marlar23
etinex99 etinex99
ch0c0late ch0c0late
voyager01 voyager01
14700 14700
melzero melzero
542563me 542563me
marshall marshall
sami13 sami13
jasm1ne jasm1ne
silver09! silver09!
peaches peaches
a550c1atedc0ntent a550c1atedc0ntent
1lenmp3 1lenmp3
shelby05 shelby05
susan75 susan75
nolan101 nolan101
smauging smauging
starfleet starfleet
Karebear Karebear
1104jack 1104jack
lowlevel lowlevel
lachow lachow
r0bichaud r0bichaud
54649849 54649849
kara123 kara123
sazerac sazerac
sept09 sept09
phantom phantom
impreza impreza
coleman coleman
monamour monamour
croutons croutons
ne22be22 ne22be22
147258369 147258369
angel1 angel1
gabip2p gabip2p
blondie blondie
teddy69 teddy69
sassy sassy
100913 100913
ldeon ldeon
chairtop chairtop
weebles07 weebles07
carrotface carrotface
acqpr332 acqpr332
johnny johnny
growup growup
allwrite allwrite
ischolar05 ischolar05
wiggum wiggum
bluepages bluepages
kadenvh kadenvh
backtofl backtofl
751745 751745
sterling sterling
tlc112 tlc112
seay seay
green green
liltoe66 liltoe66
falilv falilv
dremel dremel
oaczar oaczar
904writerchick 904writerchick
benmatt benmatt
Peanut99 Peanut99
geneo76 geneo76
workathome workathome
jamjann jamjann
85chrono 85chrono
swedish99 swedish99
fidelity fidelity
5Greens5 5Greens5
ib98bi ib98bi
superpages superpages
firexiii firexiii
review review
abradant abradant
emmajane emmajane
RIVERSIDE RIVERSIDE
torilove torilove
cacaface cacaface
missbaby missbaby
jrg104888 jrg104888
1228 1228
harryt harryt
tyler8jack tyler8jack
rockstar rockstar
rockstar rockstar
chuweedoo chuweedoo
jakewill jakewill
m32t23 m32t23
34rfvhu 34rfvhu
gertie gertie
MILLER20 MILLER20
paige1092 paige1092
evan123 evan123
fatdude fatdude
cassia1 cassia1
toreador toreador
vermeer1 vermeer1
gadawg gadawg
newpower newpower
content content
cenedra cenedra
chand1412 chand1412
glowworm glowworm
flamingo flamingo
padalime padalime
bubbles bubbles
dngziy dngziy
bearcat bearcat
content content
andysmith andysmith
1sillem 1sillem
izee47 izee47
atatdc atatdc
voyager12 voyager12
donkey donkey
Jaime6667 Jaime6667
mycookies mycookies
hollywood hollywood
freelance freelance
deefree deefree
vesta1 vesta1
ejs324 ejs324
stitch stitch
988965645432 988965645432
juditha91 juditha91
babygirl babygirl
6063086 6063086
purple purple
xantippe xantippe
jan1475 jan1475
puppetm puppetm
sugarcat sugarcat
lovell4882341 lovell4882341
windyricco windyricco
demo demo
chomp2x chomp2x
monkey1 monkey1
logrox logrox
shadowman shadowman
harry3 harry3
snoopy snoopy
abdias65 abdias65
qtp2t qtp2t
nidhogg nidhogg
fr33lanz fr33lanz
divbrooke divbrooke
hockey55 hockey55
frankblack frankblack
Emphasis Emphasis
1965kbea 1965kbea
heifer heifer
abby3100 abby3100
row1979 row1979
program program
writing writing
110179 110179
oroborus oroborus
mhb123 mhb123
tamcangc tamcangc
passion passion
baseball baseball
imagine imagine
assyria assyria
ronikhan1001 ronikhan1001
banana banana
bubba bubba
babies babies
mikenme86 mikenme86
darren darren
slipknot slipknot
nick03 nick03
jesusis jesusis
conkayak conkayak
k3rmi4uw k3rmi4uw
muse3728 muse3728
winky99 winky99
schneurzalman schneurzalman
galileo galileo
idgit1 idgit1
joy2write joy2write
ilm3lg ilm3lg
millions millions
rosie59 rosie59
oriental oriental
clover clover
wildmage wildmage
1writer 1writer
cashpoor76 cashpoor76
huffman huffman
shogun shogun
Bechloe Bechloe
sakari sakari
79702 79702
taichi taichi
aq87wojo aq87wojo
01420142 01420142
wheatwheat wheatwheat
gertrude gertrude
talka909 talka909
tobi2002 tobi2002
mynameisanthony mynameisanthony
break777 break777
spygrrl spygrrl
52scorn 52scorn
leonardo leonardo
writer writer
princess princess
sarahann sarahann
superman superman
8821111 8821111
vampire vampire
mycontent mycontent
crucifix crucifix
xander xander
eton416 eton416
georgetoo georgetoo
perry1 perry1
confutatis confutatis
guncontrol guncontrol
joshua2003 joshua2003
veralynn veralynn
212721 212721
drizzt13 drizzt13
boston boston
mazeltov18 mazeltov18
shammi shammi
violin violin
akasha akasha
hosehead hosehead
cinemaven cinemaven
Shona Shona
crimson7 crimson7
031559 031559
greenthumb greenthumb
preciado preciado
california california
rhodal rhodal
woombye woombye
finkers finkers
333333 333333
2725love 2725love
bobdole bobdole
hello hello
querida querida
monkeyboy monkeyboy
suvadip suvadip
463474 463474
ratgirl ratgirl
bestbyfar bestbyfar
booyah booyah
crackfiend crackfiend
90025 90025
waverly waverly
1492jane 1492jane
goldfloor2 goldfloor2
dreams dreams
radio88 radio88
shelley1940 shelley1940
rulerz25 rulerz25
97979797 97979797
wellness wellness
mycontent mycontent
alexalex1 alexalex1
warrick9 warrick9
sparta55 sparta55
bond007 bond007
thespian thespian
machado machado
robert robert
gcgo4 gcgo4
mercadona mercadona
Slayer26 Slayer26
softlink softlink
nanu1982 nanu1982
yellow77 yellow77
ndngpy27 ndngpy27
tyler tyler
love love
indigo indigo
jillmr1 jillmr1
arlolive arlolive
keepingprivate1 keepingprivate1
chelsea chelsea
danu77 danu77
russ314 russ314
mortal mortal
carman carman
nemesis nemesis
zorch3d zorch3d
yablo3398 yablo3398
fortitude fortitude
MKL782 MKL782
rykabor rykabor
5214 5214
53c46m 53c46m
Orchid45 Orchid45
happy123 happy123
freund freund
5mnbdb 5mnbdb
1xmas234 1xmas234
thunder thunder
batman batman
kingsbury kingsbury
silver silver
ALLISON ALLISON
shelly18 shelly18
serena serena
editor editor
ragina ragina
hinojosa8 hinojosa8
bayou bayou
75jigga56 75jigga56
741988 741988
741988 741988
beautiful beautiful
stoppard stoppard
dabiggestfoolinport dabiggestfoolinport
smt2131 smt2131
simply25 simply25
editor editor
demiurg07 demiurg07
kevinscott kevinscott
lovebodi lovebodi
georgie georgie
Love&amp;money2me Love&amp;money2me
tushar tushar
password password
kittie kittie
1deck2 1deck2
pookie pookie
magic magic
coin3513 coin3513
teach76 teach76
clear7pull clear7pull
writer writer
destiny destiny
pr1ncess pr1ncess
lakeforest lakeforest
grownsup grownsup
flatnose flatnose
guinness guinness
moses699 moses699
morrison morrison
nln94118 nln94118
funsies funsies
assconpass assconpass
reckless2009 reckless2009
terrm23 terrm23
kazuumikoon kazuumikoon
chik chik
blue21 blue21
bunkyboy bunkyboy
051878 051878
edward01 edward01
chadwick chadwick
sheisme3 sheisme3
091042 091042
Mta777 Mta777
bo12998 bo12998
melissa melissa
lsmith lsmith
penguins05 penguins05
urachud urachud
shopping shopping
marvs marvs
darbley darbley
armymen armymen
tiger19rrr tiger19rrr
WITCHBABY3 WITCHBABY3
janine janine
pheonix66 pheonix66
blackcloud blackcloud
chumchum chumchum
sirius sirius
GHTyRu72 GHTyRu72
rutgers rutgers
elaine elaine
cyndi4723 cyndi4723
696969 696969
remo42 remo42
writing writing
ailurophile ailurophile
ricardo ricardo
desper desper
SPARKY SPARKY
jesterbif jesterbif
nini6464 nini6464
mutton mutton
59790 59790
kayla kayla
skater skater
whichever whichever
5216dan 5216dan
christone christone
producer producer
wickwald wickwald
livelive livelive
jmk1978 jmk1978
green_flame green_flame
deprive deprive
buddhagirl21 buddhagirl21
freefall freefall
wolverine wolverine
simonace simonace
juliodonjulio juliodonjulio
09091955 09091955
jaded jaded
pink33 pink33
pixie427 pixie427
pudding pudding
chicago chicago
moose1 moose1
martian martian
rzeznik rzeznik
042974 042974
reggie reggie
chelsea chelsea
innocence innocence
mckenna mckenna
roonet1 roonet1
smiles smiles
4taradiona 4taradiona
java2jav java2jav
gurl88 gurl88
iverson iverson
1kiwi4u 1kiwi4u
maggie69 maggie69
warlock1 warlock1
Winston3 Winston3
mrnetsoh mrnetsoh
herrick herrick
heartandsoul heartandsoul
thedebster thedebster
clocks clocks
michigan michigan
5izs5enc 5izs5enc
chevy69 chevy69
onlythis1 onlythis1
daniel daniel
daverulz daverulz
acpro7 acpro7
darkangyl darkangyl
garbage garbage
amanda amanda
spiffy spiffy
itsamazing itsamazing
puritycontrol puritycontrol
qacha qacha
lh90405 lh90405
youare youare
stevie stevie
TISCHAN1 TISCHAN1
lqb5571 lqb5571
xiaephoe04 xiaephoe04
gussie gussie
binanalan binanalan
vz4944 vz4944
mack2roni mack2roni
drbadass drbadass
sarwar90034 sarwar90034
quadra quadra
emmanuel emmanuel
ukendcx ukendcx
buffet buffet
7151943 7151943
escritora escritora
fellas fellas
juventus juventus
mojorisin mojorisin
malcolmx2 malcolmx2
vicks25 vicks25
orioles orioles
three11 three11
photo81 photo81
16sep73 16sep73
getsmackedsilly getsmackedsilly
chopper chopper
wildstallions wildstallions
flower25 flower25
dewdrops dewdrops
mackinaw mackinaw
f1234567 f1234567
tiare9 tiare9
catinhat catinhat
beeiko beeiko
elephant elephant
attila attila
cash1357 cash1357
whyme whyme
travis travis
monkey monkey
eureka eureka
adagio adagio
licethin licethin
digital digital
harpold harpold
ryguy7514 ryguy7514
jbmeow jbmeow
commerce commerce
saxbond saxbond
Gaia_Girl Gaia_Girl
sh1thead sh1thead
shitthead shitthead
TinaBina TinaBina
befuddle befuddle
pockets pockets
gschwaid gschwaid
sebastian sebastian
unrealquake unrealquake
122398 122398
5256 5256
pat011971 pat011971
MBen5168 MBen5168
dtpsmj dtpsmj
ryanmichael ryanmichael
porkchop123 porkchop123
crockett1968 crockett1968
rainbow13 rainbow13
creedpac creedpac
anointed anointed
flower flower
silvertide silvertide
lasvegas2000 lasvegas2000
ginger ginger
rochester rochester
hackaway hackaway
noway noway
freeeek3 freeeek3
oneness oneness
bluevegas06 bluevegas06
serena serena
Travis Travis
emmaline emmaline
jedi jedi
sherunsaway1985 sherunsaway1985
frogjuice frogjuice
haileris haileris
pinacolada pinacolada
herman herman
drugCali drugCali
warfarin warfarin
preston preston
tuffy2 tuffy2
optigx1 optigx1
yvette yvette
samoa samoa
paradise95 paradise95
Ecirtep@104 Ecirtep@104
salmontoad salmontoad
edmeek edmeek
albertcamus albertcamus
esther esther
liddsville liddsville
blossom blossom
1plush63 1plush63
787878 787878
dsc1459 dsc1459
seasider seasider
isabella isabella
amdelacruz amdelacruz
assmaster assmaster
palmira palmira
whythis whythis
HELENA HELENA
jayson jayson
monkey monkey
tentwist tentwist
lane0907 lane0907
doggies doggies
adoptu adoptu
Miller22 Miller22
zacman98 zacman98
rhodeisland rhodeisland
mishak mishak
fuckthat1 fuckthat1
fanny399 fanny399
peanut55 peanut55
trekki trekki
ramoth ramoth
maf1224 maf1224
buddy17 buddy17
porkchop porkchop
writer writer
3530717 3530717
mybonnie mybonnie
k7330k k7330k
haringey haringey
WORK WORK
butterfly butterfly
shifter420 shifter420
nicholas2002 nicholas2002
krs123 krs123
r3b3cca r3b3cca
screwthis screwthis
healingchannel healingchannel
kealea kealea
landis landis
fightinopi fightinopi
deathbypolka deathbypolka
snapcase snapcase
391front 391front
pine0502 pine0502
groovin groovin
sydney18 sydney18
vtcontent1 vtcontent1
milan123 milan123
ucla2000 ucla2000
sweaty sweaty
ronmann ronmann
phat213 phat213
london london
Ellen Ellen
Anderson Anderson
trojan10 trojan10
isabelle2005 isabelle2005
phishi phishi
goodluck goodluck
redsox redsox
microchp microchp
righthandred righthandred
rebeil rebeil
habana habana
tindog11 tindog11
shitfire shitfire
klrnslk klrnslk
chevelle3 chevelle3
cowdung cowdung
thecrow_dc thecrow_dc
yoda1214 yoda1214
porthuron porthuron
kitder kitder
odieme odieme
serendipity serendipity
losgatos losgatos
phattymatt phattymatt
austinemma austinemma
papuang papuang
trustno1 trustno1
purcell purcell
blessed blessed
secret secret
qtip3456 qtip3456
kiawah kiawah
marygeil marygeil
2theking 2theking
amore123 amore123
ashes1 ashes1
fhtagn fhtagn
afra afra
7uAr87b8 7uAr87b8
sideout sideout
yinify yinify
royhobbs royhobbs
6y8q4jAy 6y8q4jAy
zapata zapata
TIKTAK TIKTAK
TIKTAK TIKTAK
keef keef
orvella orvella
payme3793 payme3793
love love
howell howell
taurus taurus
phillip phillip
a02786150 a02786150
catlover catlover
bgjc3bgr bgjc3bgr
shelby shelby
scout scout
zaria12 zaria12
deja917 deja917
nigel nigel
supernova supernova
soccer soccer
phish94 phish94
mojorisn mojorisn
petersen petersen
whiteout whiteout
sutphin8868 sutphin8868
matt23 matt23
casey2 casey2
25td6r 25td6r
acm1974 acm1974
caligula3 caligula3
18210669 18210669
chan18 chan18
discus discus
teresaz teresaz
meerkat meerkat
letsgo letsgo
malina malina
nmsunrise nmsunrise
skylerann skylerann
cels6212 cels6212
hubell9 hubell9
scruffy scruffy
688100 688100
lemon16 lemon16